Workbook

Sheet Prévisions
A1: Exercice D-Roll, livre, page 78
A3: Calcul des prévisions
A4: Mois | B4: Ventes réalisées | C4: Ventes prévues
C5: Mobile | D5: Mobile | E5: Pondérée | F5: Lissage* | G5: Lissage*
C6: k = 3 | D6: k = 4 | E6: k = 4 | F6: 0.2 | G6: 0.5
A7: 12 | B7: 16980
A8: 13 | B8: 17280
A9: 14 | B9: 17030
A10: 15 | B10: 17230 | F10: 17043 | G10: 17088
A11: 16 | B11: 16950 | C11: =ROUND(AVERAGE(B8:B10),0) -> 17180 | D11: =ROUND(AVERAGE(B7:B10),0) -> 17130 | E11: =ROUND(0.5*B10+0.25*B9+0.15*B8+0.1*B7,0) -> 17163 | F11: =ROUND(F$6*$B10+(1-F$6)*F10,0) -> 17080 | G11: =ROUND(G$6*$B10+(1-G$6)*G10,0) -> 17159
A12: 17 | B12: 16540 | C12: =ROUND(AVERAGE(B9:B11),0) -> 17070 | D12: =ROUND(AVERAGE(B8:B11),0) -> 17123 | E12: =ROUND(0.5*B11+0.25*B10+0.15*B9+0.1*B8,0) -> 17065 | F12: =ROUND(F$6*$B11+(1-F$6)*F11,0) -> 17054 | G12: =ROUND(G$6*$B11+(1-G$6)*G11,0) -> 17055
A13: 18 | B13: 16750 | C13: =ROUND(AVERAGE(B10:B12),0) -> 16907 | D13: =ROUND(AVERAGE(B9:B12),0) -> 16938 | E13: =ROUND(0.5*B12+0.25*B11+0.15*B10+0.1*B9,0) -> 16795 | F13: =ROUND(F$6*$B12+(1-F$6)*F12,0) -> 16951 | G13: =ROUND(G$6*$B12+(1-G$6)*G12,0) -> 16798
A14: 19 | B14: 17020 | C14: =ROUND(AVERAGE(B11:B13),0) -> 16747 | D14: =ROUND(AVERAGE(B10:B13),0) -> 16868 | E14: =ROUND(0.5*B13+0.25*B12+0.15*B11+0.1*B10,0) -> 16776 | F14: =ROUND(F$6*$B13+(1-F$6)*F13,0) -> 16911 | G14: =ROUND(G$6*$B13+(1-G$6)*G13,0) -> 16774
A15: 20 | B15: 16740 | C15: =ROUND(AVERAGE(B12:B14),0) -> 16770 | D15: =ROUND(AVERAGE(B11:B14),0) -> 16815 | E15: =ROUND(0.5*B14+0.25*B13+0.15*B12+0.1*B11,0) -> 16874 | F15: =ROUND(F$6*$B14+(1-F$6)*F14,0) -> 16933 | G15: =ROUND(G$6*$B14+(1-G$6)*G14,0) -> 16897
A16: 21 | B16: 16420 | C16: =ROUND(AVERAGE(B13:B15),0) -> 16837 | D16: =ROUND(AVERAGE(B12:B15),0) -> 16763 | E16: =ROUND(0.5*B15+0.25*B14+0.15*B13+0.1*B12,0) -> 16792 | F16: =ROUND(F$6*$B15+(1-F$6)*F15,0) -> 16894 | G16: =ROUND(G$6*$B15+(1-G$6)*G15,0) -> 16819
A17: 22 | B17: 16650 | C17: =ROUND(AVERAGE(B14:B16),0) -> 16727 | D17: =ROUND(AVERAGE(B13:B16),0) -> 16733 | E17: =ROUND(0.5*B16+0.25*B15+0.15*B14+0.1*B13,0) -> 16623 | F17: =ROUND(F$6*$B16+(1-F$6)*F16,0) -> 16799 | G17: =ROUND(G$6*$B16+(1-G$6)*G16,0) -> 16620
A18: 23 | B18: 16450 | C18: =ROUND(AVERAGE(B15:B17),0) -> 16603 | D18: =ROUND(AVERAGE(B14:B17),0) -> 16708 | E18: =ROUND(0.5*B17+0.25*B16+0.15*B15+0.1*B14,0) -> 16643 | F18: =ROUND(F$6*$B17+(1-F$6)*F17,0) -> 16769 | G18: =ROUND(G$6*$B17+(1-G$6)*G17,0) -> 16635
A19: 24 | B19: 16230 | C19: =ROUND(AVERAGE(B16:B18),0) -> 16507 | D19: =ROUND(AVERAGE(B15:B18),0) -> 16565 | E19: =ROUND(0.5*B18+0.25*B17+0.15*B16+0.1*B15,0) -> 16525 | F19: =ROUND(F$6*$B18+(1-F$6)*F18,0) -> 16705 | G19: =ROUND(G$6*$B18+(1-G$6)*G18,0) -> 16543
A20: 25 | B20: 16360 | C20: =ROUND(AVERAGE(B17:B19),0) -> 16443 | D20: =ROUND(AVERAGE(B16:B19),0) -> 16438 | E20: =ROUND(0.5*B19+0.25*B18+0.15*B17+0.1*B16,0) -> 16367 | F20: =ROUND(F$6*$B19+(1-F$6)*F19,0) -> 16610 | G20: =ROUND(G$6*$B19+(1-G$6)*G19,0) -> 16387
A21: 26 | B21: 16400 | C21: =ROUND(AVERAGE(B18:B20),0) -> 16347 | D21: =ROUND(AVERAGE(B17:B20),0) -> 16423 | E21: =ROUND(0.5*B20+0.25*B19+0.15*B18+0.1*B17,0) -> 16370 | F21: =ROUND(F$6*$B20+(1-F$6)*F20,0) -> 16560 | G21: =ROUND(G$6*$B20+(1-G$6)*G20,0) -> 16374
A22: 27 | B22: 16320 | C22: =ROUND(AVERAGE(B19:B21),0) -> 16330 | D22: =ROUND(AVERAGE(B18:B21),0) -> 16360 | E22: =ROUND(0.5*B21+0.25*B20+0.15*B19+0.1*B18,0) -> 16370 | F22: =ROUND(F$6*$B21+(1-F$6)*F21,0) -> 16528 | G22: =ROUND(G$6*$B21+(1-G$6)*G21,0) -> 16387
A23: * Ces données proviennent de l'exemple de la page 68.
C24: =arrondi(moyenne(B8:B10);0)
D25: =arrondi(moyenne(B7:B10);0)
E26: 50-25-15-10
F27: =arrondi(F$6*$B10+(1-F$6)*F10;0)

Sheet Cumulative
A1: Exercice D-Roll, livre, page 78
A3: Calcul de l'erreur quadratique moyenne
A4: Mois | B4: Ventes réalisées | C4: Erreur quadratique
C5: Mobile | D5: Mobile | E5: Pondérée | F5: Lissage | G5: Lissage
C6: k = 3 | D6: k = 4 | E6: k = 4 | F6: 0.2 | G6: α = 0,5
A7: 16 | B7: 16950 | C7: =($B7-[1]Prévisions!C11) -> -230 | D7: =($B7-[1]Prévisions!D11) -> -180 | E7: =($B7-[1]Prévisions!E11) -> -213 | F7: =($B7-[1]Prévisions!F11) -> -130 | G7: =($B7-[1]Prévisions!G11) -> -209
A8: 17 | B8: 16540 | C8: =($B8-[1]Prévisions!C12) -> -530 | D8: =($B8-[1]Prévisions!D12) -> -583 | E8: =($B8-[1]Prévisions!E12) -> -525 | F8: =($B8-[1]Prévisions!F12) -> -514 | G8: =($B8-[1]Prévisions!G12) -> -515
A9: 18 | B9: 16750 | C9: =($B9-[1]Prévisions!C13) -> -157 | D9: =($B9-[1]Prévisions!D13) -> -188 | E9: =($B9-[1]Prévisions!E13) -> -45 | F9: =($B9-[1]Prévisions!F13) -> -201 | G9: =($B9-[1]Prévisions!G13) -> -48
A10: 19 | B10: 17020 | C10: =($B10-[1]Prévisions!C14) -> 273 | D10: =($B10-[1]Prévisions!D14) -> 152 | E10: =($B10-[1]Prévisions!E14) -> 244 | F10: =($B10-[1]Prévisions!F14) -> 109 | G10: =($B10-[1]Prévisions!G14) -> 246
A11: 20 | B11: 16740 | C11: =($B11-[1]Prévisions!C15) -> -30 | D11: =($B11-[1]Prévisions!D15) -> -75 | E11: =($B11-[1]Prévisions!E15) -> -134 | F11: =($B11-[1]Prévisions!F15) -> -193 | G11: =($B11-[1]Prévisions!G15) -> -157
A12: 21 | B12: 16420 | C12: =($B12-[1]Prévisions!C16) -> -417 | D12: =($B12-[1]Prévisions!D16) -> -343 | E12: =($B12-[1]Prévisions!E16) -> -372 | F12: =($B12-[1]Prévisions!F16) -> -474 | G12: =($B12-[1]Prévisions!G16) -> -399
A13: 22 | B13: 16650 | C13: =($B13-[1]Prévisions!C17) -> -77 | D13: =($B13-[1]Prévisions!D17) -> -83 | E13: =($B13-[1]Prévisions!E17) -> 27 | F13: =($B13-[1]Prévisions!F17) -> -149 | G13: =($B13-[1]Prévisions!G17) -> 30
A14: 23 | B14: 16450 | C14: =($B14-[1]Prévisions!C18) -> -153 | D14: =($B14-[1]Prévisions!D18) -> -258 | E14: =($B14-[1]Prévisions!E18) -> -193 | F14: =($B14-[1]Prévisions!F18) -> -319 | G14: =($B14-[1]Prévisions!G18) -> -185
A15: 24 | B15: 16230 | C15: =($B15-[1]Prévisions!C19) -> -277 | D15: =($B15-[1]Prévisions!D19) -> -335 | E15: =($B15-[1]Prévisions!E19) -> -295 | F15: =($B15-[1]Prévisions!F19) -> -475 | G15: =($B15-[1]Prévisions!G19) -> -313
A16: 25 | B16: 16360 | C16: =($B16-[1]Prévisions!C20) -> -83 | D16: =($B16-[1]Prévisions!D20) -> -78 | E16: =($B16-[1]Prévisions!E20) -> -7 | F16: =($B16-[1]Prévisions!F20) -> -250 | G16: =($B16-[1]Prévisions!G20) -> -27
A17: 26 | B17: 16400 | C17: =($B17-[1]Prévisions!C21) -> 53 | D17: =($B17-[1]Prévisions!D21) -> -23 | E17: =($B17-[1]Prévisions!E21) -> 30 | F17: =($B17-[1]Prévisions!F21) -> -160 | G17: =($B17-[1]Prévisions!G21) -> 26
A18: 27 | B18: 16320 | C18: =($B18-[1]Prévisions!C22) -> -10 | D18: =($B18-[1]Prévisions!D22) -> -40 | E18: =($B18-[1]Prévisions!E22) -> -50 | F18: =($B18-[1]Prévisions!F22) -> -208 | G18: =($B18-[1]Prévisions!G22) -> -67
B19: Moyenne | C19: =AVERAGE(C7:C18) -> -136.5 | D19: =AVERAGE(D7:D18) -> -169.5 | E19: =AVERAGE(E7:E18) -> -127.75 | F19: =AVERAGE(F7:F18) -> -247 | G19: =AVERAGE(G7:G18) -> -134.83333
A22: La majorité des erreurs sont négatives… La prévision sur-estime la demande.

Sheet EQM
A1: Exercice D-Roll, livre, page 78
A3: Calcul de l'erreur quadratique moyenne
A4: Mois | B4: Ventes réalisées | C4: Erreur quadratique
C5: Mobile | D5: Mobile | E5: Pondérée | F5: Lissage | G5: Lissage
C6: k = 3 | D6: k = 4 | E6: k = 4 | F6: 0.2 | G6: α = 0,5
A7: 16 | B7: 16950 | C7: =($B7-Prévisions!C11)^2 -> 52900 | D7: =($B7-Prévisions!D11)^2 -> 32400 | E7: =($B7-Prévisions!E11)^2 -> 45369 | F7: =($B7-Prévisions!F11)^2 -> 16900 | G7: =($B7-Prévisions!G11)^2 -> 43681
A8: 17 | B8: 16540 | C8: =($B8-Prévisions!C12)^2 -> 280900 | D8: =($B8-Prévisions!D12)^2 -> 339889 | E8: =($B8-Prévisions!E12)^2 -> 275625 | F8: =($B8-Prévisions!F12)^2 -> 264196 | G8: =($B8-Prévisions!G12)^2 -> 265225
A9: 18 | B9: 16750 | C9: =($B9-Prévisions!C13)^2 -> 24649 | D9: =($B9-Prévisions!D13)^2 -> 35344 | E9: =($B9-Prévisions!E13)^2 -> 2025 | F9: =($B9-Prévisions!F13)^2 -> 40401 | G9: =($B9-Prévisions!G13)^2 -> 2304
A10: 19 | B10: 17020 | C10: =($B10-Prévisions!C14)^2 -> 74529 | D10: =($B10-Prévisions!D14)^2 -> 23104 | E10: =($B10-Prévisions!E14)^2 -> 59536 | F10: =($B10-Prévisions!F14)^2 -> 11881 | G10: =($B10-Prévisions!G14)^2 -> 60516
A11: 20 | B11: 16740 | C11: =($B11-Prévisions!C15)^2 -> 900 | D11: =($B11-Prévisions!D15)^2 -> 5625 | E11: =($B11-Prévisions!E15)^2 -> 17956 | F11: =($B11-Prévisions!F15)^2 -> 37249 | G11: =($B11-Prévisions!G15)^2 -> 24649
A12: 21 | B12: 16420 | C12: =($B12-Prévisions!C16)^2 -> 173889 | D12: =($B12-Prévisions!D16)^2 -> 117649 | E12: =($B12-Prévisions!E16)^2 -> 138384 | F12: =($B12-Prévisions!F16)^2 -> 224676 | G12: =($B12-Prévisions!G16)^2 -> 159201
A13: 22 | B13: 16650 | C13: =($B13-Prévisions!C17)^2 -> 5929 | D13: =($B13-Prévisions!D17)^2 -> 6889 | E13: =($B13-Prévisions!E17)^2 -> 729 | F13: =($B13-Prévisions!F17)^2 -> 22201 | G13: =($B13-Prévisions!G17)^2 -> 900
A14: 23 | B14: 16450 | C14: =($B14-Prévisions!C18)^2 -> 23409 | D14: =($B14-Prévisions!D18)^2 -> 66564 | E14: =($B14-Prévisions!E18)^2 -> 37249 | F14: =($B14-Prévisions!F18)^2 -> 101761 | G14: =($B14-Prévisions!G18)^2 -> 34225
A15: 24 | B15: 16230 | C15: =($B15-Prévisions!C19)^2 -> 76729 | D15: =($B15-Prévisions!D19)^2 -> 112225 | E15: =($B15-Prévisions!E19)^2 -> 87025 | F15: =($B15-Prévisions!F19)^2 -> 225625 | G15: =($B15-Prévisions!G19)^2 -> 97969
A16: 25 | B16: 16360 | C16: =($B16-Prévisions!C20)^2 -> 6889 | D16: =($B16-Prévisions!D20)^2 -> 6084 | E16: =($B16-Prévisions!E20)^2 -> 49 | F16: =($B16-Prévisions!F20)^2 -> 62500 | G16: =($B16-Prévisions!G20)^2 -> 729
A17: 26 | B17: 16400 | C17: =($B17-Prévisions!C21)^2 -> 2809 | D17: =($B17-Prévisions!D21)^2 -> 529 | E17: =($B17-Prévisions!E21)^2 -> 900 | F17: =($B17-Prévisions!F21)^2 -> 25600 | G17: =($B17-Prévisions!G21)^2 -> 676
A18: 27 | B18: 16320 | C18: =($B18-Prévisions!C22)^2 -> 100 | D18: =($B18-Prévisions!D22)^2 -> 1600 | E18: =($B18-Prévisions!E22)^2 -> 2500 | F18: =($B18-Prévisions!F22)^2 -> 43264 | G18: =($B18-Prévisions!G22)^2 -> 4489
B19: Moyenne | C19: =AVERAGE(C7:C18) -> 60302.667 | D19: =AVERAGE(D7:D18) -> 62325.167 | E19: =AVERAGE(E7:E18) -> 55612.25 | F19: =AVERAGE(F7:F18) -> 89687.833 | G19: =AVERAGE(G7:G18) -> 57880.333
A21: =($B7-Prévisions!C11)^2
