Workbook

Sheet Prévision - Non arrondie
A1: Année | B1: Mois | C1: Demande | D1: Moyenne mobile | F1: Moyenne mobile pondérée | G1: Lissage exponentiel simple
D2: 3 mois | E2: 6 mois | F2: 20 % - 30 % - 50 % | G2: 0.1 | H2: 0.4 | I2: 0.8
A3: Année 2024 | B3: Janvier | C3: 859
B4: Février | C4: 750
B5: Mars | C5: 713
B6: Avril | C6: 863
B7: Mai | C7: 894
B8: Juin | C8: 854
B9: Juillet | C9: 882
B10: Août | C10: 860
B11: Septembre | C11: 703
B12: Octobre | C12: 860
B13: Novembre | C13: 701
B14: Décembre | C14: 911
A15: Année 2025 | B15: Janvier | C15: 759
B16: Février | C16: 792
B17: Mars | C17: 876
B18: Avril | C18: 953
B19: Mai | C19: 817
B20: Juin | C20: 757
B21: Juillet | C21: 806
B22: Août | C22: 915
B23: Septembre | C23: 875
B24: Octobre | C24: 951
B25: Novembre | C25: 884
B26: Décembre | C26: 703
D28: =Vérification!B3 -> Vérifie tes calculs! | E28: =Vérification!B4 -> Vérifie tes calculs! | F28: =Vérification!B5 -> Vérifie tes calculs! | G28: =Vérification!B6 -> Vérifie tes calculs! | H28: =Vérification!B7 -> Vérifie tes calculs! | I28: =Vérification!B8 -> Vérifie tes calculs!
D29: ATTENTION! Les calculs de prévision effectués dans cette feuille sont non arrondis

Sheet Prévision - Arrondie
A1: Année | B1: Mois | C1: Demande | D1: Moyenne mobile | F1: Moyenne mobile pondérée | G1: Lissage exponentiel simple
D2: 3 mois | E2: 6 mois | F2: 20 % - 30 % - 50 % | G2: 0.1 | H2: 0.4 | I2: 0.8
A3: Année 2024 | B3: Janvier | C3: 859
B4: Février | C4: 750
B5: Mars | C5: 713
B6: Avril | C6: 863
B7: Mai | C7: 894
B8: Juin | C8: 854
B9: Juillet | C9: 882
B10: Août | C10: 860
B11: Septembre | C11: 703
B12: Octobre | C12: 860
B13: Novembre | C13: 701
B14: Décembre | C14: 911
A15: Année 2025 | B15: Janvier | C15: 759
B16: Février | C16: 792
B17: Mars | C17: 876
B18: Avril | C18: 953
B19: Mai | C19: 817
B20: Juin | C20: 757
B21: Juillet | C21: 806
B22: Août | C22: 915
B23: Septembre | C23: 875
B24: Octobre | C24: 951
B25: Novembre | C25: 884
B26: Décembre | C26: 703
D28: =Vérification!D3 -> Vérifie tes calculs! | E28: =Vérification!D4 -> Vérifie tes calculs! | F28: =Vérification!D5 -> Vérifie tes calculs! | G28: =Vérification!D6 -> Vérifie tes calculs! | H28: =Vérification!D7 -> Vérifie tes calculs! | I28: =Vérification!D8 -> Vérifie tes calculs!
D29: ATTENTION! Les calculs de prévision effectués dans cette feuille sont arrondis

Sheet Écart moyen
A1: Année | B1: Mois | C1: Demande | D1: Moyenne mobile | F1: Moyenne mobile pondérée | G1: Lissage exponentiel simple
D2: 3 mois | E2: 6 mois | F2: 20 % - 30 % - 50 % | G2: 0.1 | H2: 0.4 | I2: 0.8
A3: Année 2024 | B3: Janvier | C3: 859
B4: Février | C4: 750
B5: Mars | C5: 713
B6: Avril | C6: 863
B7: Mai | C7: 894
B8: Juin | C8: 854
B9: Juillet | C9: 882
B10: Août | C10: 860
B11: Septembre | C11: 703
B12: Octobre | C12: 860
B13: Novembre | C13: 701
B14: Décembre | C14: 911
A15: Année 2025 | B15: Janvier | C15: 759
B16: Février | C16: 792
B17: Mars | C17: 876
B18: Avril | C18: 953
B19: Mai | C19: 817
B20: Juin | C20: 757
B21: Juillet | C21: 806
B22: Août | C22: 915
B23: Septembre | C23: 875
B24: Octobre | C24: 951
B25: Novembre | C25: 884
B26: Décembre | C26: 703
C27: EM | D27: =AVERAGE(D15:D26) -> #DIV/0! | E27: =AVERAGE(E15:E26) -> #DIV/0! | F27: =AVERAGE(F15:F26) -> #DIV/0! | G27: =AVERAGE(G15:G26) -> #DIV/0! | H27: =AVERAGE(H15:H26) -> #DIV/0! | I27: =AVERAGE(I15:I26) -> #DIV/0!
D29: =Vérification!B12 -> #DIV/0! | E29: =Vérification!B13 -> #DIV/0! | F29: =Vérification!B14 -> #DIV/0! | G29: =Vérification!B15 -> #DIV/0! | H29: =Vérification!B16 -> #DIV/0! | I29: =Vérification!B17 -> #DIV/0!
A30: Comment interpréter l'écart moyen?
B32: Pourcentage

Sheet Écart quadratique moyen
A1: Année | B1: Mois | C1: Demande | D1: Moyenne mobile | F1: Moyenne mobile pondérée | G1: Lissage exponentiel simple
D2: 3 mois | E2: 6 mois | F2: 20 % - 30 % - 50 % | G2: 0.1 | H2: 0.4 | I2: 0.8
A3: Année 2024 | B3: Janvier | C3: 859
B4: Février | C4: 750
B5: Mars | C5: 713
B6: Avril | C6: 863
B7: Mai | C7: 894
B8: Juin | C8: 854
B9: Juillet | C9: 882
B10: Août | C10: 860
B11: Septembre | C11: 703
B12: Octobre | C12: 860
B13: Novembre | C13: 701
B14: Décembre | C14: 911
A15: Année 2025 | B15: Janvier | C15: 759
B16: Février | C16: 792
B17: Mars | C17: 876
B18: Avril | C18: 953
B19: Mai | C19: 817
B20: Juin | C20: 757
B21: Juillet | C21: 806
B22: Août | C22: 915
B23: Septembre | C23: 875
B24: Octobre | C24: 951
B25: Novembre | C25: 884
B26: Décembre | C26: 703
C27: EQM | D27: =AVERAGE(D15:D26) -> #DIV/0! | E27: =AVERAGE(E15:E26) -> #DIV/0! | F27: =AVERAGE(F15:F26) -> #DIV/0! | G27: =AVERAGE(G15:G26) -> #DIV/0! | H27: =AVERAGE(H15:H26) -> #DIV/0! | I27: =AVERAGE(I15:I26) -> #DIV/0!
D29: =Vérification!B21 -> #DIV/0! | E29: =Vérification!B22 -> #DIV/0! | F29: =Vérification!B23 -> #DIV/0! | G29: =Vérification!B24 -> #DIV/0! | H29: =Vérification!B25 -> #DIV/0! | I29: =Vérification!B26 -> #DIV/0!

Sheet Vérification
A1: Vérification des calculs de prévision pour décembre 2017
B2: Non arrondie | D2: Arrondie
A3: Moyenne mobile k=3 | B3: =IF(ABS('Prévision - Non arrondie'!D26-903.333333333333)<0.0000001,"Parfait!","Vérifie tes calculs!") -> Vérifie tes calculs! | D3: =IF('Prévision - Arrondie'!D26=903,"Parfait!","Vérifie tes calculs!") -> Vérifie tes calculs!
A4: Moyenne mobile k=6 | B4: =IF(ABS('Prévision - Non arrondie'!E26-864.666666666667)<0.0000001,"Parfait!","Vérifie tes calculs!") -> Vérifie tes calculs! | D4: =IF('Prévision - Arrondie'!E26=865,"Parfait!","Vérifie tes calculs!") -> Vérifie tes calculs!
A5: Moyenne mobile pondérée | B5: =IF(ABS('Prévision - Non arrondie'!F26-902.3)<0.0000001,"Parfait!","Vérifie tes calculs!") -> Vérifie tes calculs! | D5: =IF('Prévision - Arrondie'!F26=902,"Parfait!","Vérifie tes calculs!") -> Vérifie tes calculs!
A6: Lissage exponentiel alpha = 0,1 | B6: =IF(ABS('Prévision - Non arrondie'!G26-854.172447700116)<0.0000001,"Parfait!","Vérifie tes calculs!") -> Vérifie tes calculs! | D6: =IF('Prévision - Arrondie'!G26=854,"Parfait!","Vérifie tes calculs!") -> Vérifie tes calculs!
A7: Lissage exponentiel alpha = 0,4 | B7: =IF(ABS('Prévision - Non arrondie'!H26-892.063662475872)<0.0000001,"Parfait!","Vérifie tes calculs!") -> Vérifie tes calculs! | D7: =IF('Prévision - Arrondie'!H26=892,"Parfait!","Vérifie tes calculs!") -> Vérifie tes calculs!
A8: Lissage exponentiel alpha = 0,8 | B8: =IF(ABS('Prévision - Non arrondie'!I26-894.495259655389)<0.0000001,"Parfait!","Vérifie tes calculs!") -> Vérifie tes calculs! | D8: =IF('Prévision - Arrondie'!I26=894,"Parfait!","Vérifie tes calculs!") -> Vérifie tes calculs!
A10: Vérification des calculs d'erreur cumulative moyenne
A12: Moyenne mobile k=3 | B12: =IF(ABS('Écart moyen'!D27--4.58333333333333)<0.0000001,"Parfait!","Vérifie tes calculs!") -> #DIV/0!
A13: Moyenne mobile k=6 | B13: =IF(ABS('Écart moyen'!E27-7.83333333333333)<0.0000001,"Parfait!","Vérifie tes calculs!") -> #DIV/0!
A14: Moyenne mobile pondérée | B14: =IF(ABS('Écart moyen'!F27--8.25)<0.0000001,"Parfait!","Vérifie tes calculs!") -> #DIV/0!
A15: Lissage exponentiel alpha = 0,1 | B15: =IF(ABS('Écart moyen'!G27-5.666666666667)<0.0000001,"Parfait!","Vérifie tes calculs!") -> #DIV/0!
A16: Lissage exponentiel alpha = 0,4 | B16: =IF(ABS('Écart moyen'!H27--2.5)<0.0000001,"Parfait!","Vérifie tes calculs!") -> #DIV/0!
A17: Lissage exponentiel alpha = 0,8 | B17: =IF(ABS('Écart moyen'!I27--13.75)<0.0000001,"Parfait!","Vérifie tes calculs!") -> #DIV/0!
A19: Vérification des calculs d'erreur quadratique moyenne
A21: Moyenne mobile k=3 | B21: =IF(ABS('Écart quadratique moyen'!D27-9478.41666666667)<0.0000001,"Parfait!","Vérifie tes calculs!") -> #DIV/0!
A22: Moyenne mobile k=6 | B22: =IF(ABS('Écart quadratique moyen'!E27-6918.83333333333)<0.0000001,"Parfait!","Vérifie tes calculs!") -> #DIV/0!
A23: Moyenne mobile pondérée | B23: =IF(ABS('Écart quadratique moyen'!F27-9056.91666666667)<0.0000001,"Parfait!","Vérifie tes calculs!") -> #DIV/0!
A24: Lissage exponentiel alpha = 0,1 | B24: =IF(ABS('Écart quadratique moyen'!G27-6512)<0.0000001,"Parfait!","Vérifie tes calculs!") -> #DIV/0!
A25: Lissage exponentiel alpha = 0,4 | B25: =IF(ABS('Écart quadratique moyen'!H27-7910)<0.0000001,"Parfait!","Vérifie tes calculs!") -> #DIV/0!
A26: Lissage exponentiel alpha = 0,8 | B26: =IF(ABS('Écart quadratique moyen'!I27-9098.91666666667)<0.0000001,"Parfait!","Vérifie tes calculs!") -> #DIV/0!
