Workbook
Name _Hlk532205760: 'Question 3'!$A$2

Sheet Données du problème
A2: Liste des coûts | I2: Liste des contraintes
A4: Salaire régulier | C4: 3950 | D4: par employé par période | I4: Variation de main d'œuvre* | L4: 0.25
A5: Temps supplémentaire | C5: =C4*1.5 -> 5925 | D5: par employé par période | I5: Temps supplémentaire | L5: 0.2
A6: Stockage | C6: 26 | D6: par UE par période | I6: Temps mort | L6: 0.3
A7: Pénuries reportées | C7: 58 | D7: par UE par période | I7: Capacité d'entreposage | L7: 12000 | M7: UE
A8: Embauche | C8: 3100 | D8: par employé embauché | I8: Pénurie | L8: 5000 | M8: UE
A9: Mise à pied | C9: 2300 | D9: par employé licencié | I9: Nombre minimum d'employés | L9: 50 | M9: employés
I10: Nombre maximum d'employés | L10: 90 | M10: employés
A12: Autres données du problème | I12: *Les variations de main-d'œuvre ne peuvent avoir lieu deux mois
I13: consécutifs.
A14: Production par employé | C14: 200 | D14: UE par période
A15: Nombre initial d'employés | C15: 50 | D15: employés
A16: Stock initial | C16: 1250 | D16: UE
A17: Stock final | C17: 1550 | D17: UE
C19: Période
B20: UE | C20: 1 | D20: 2 | E20: 3 | F20: 4 | G20: 5 | H20: 6 | I20: 7 | J20: 8 | K20: 9 | L20: 10 | M20: 11 | N20: 12
A21: Compact | B21: 1 | C21: 2600 | D21: 2400 | E21: 2100 | F21: 2800 | G21: 3300 | H21: 3600 | I21: 3900 | J21: 4500 | K21: 3100 | L21: 2500 | M21: 2000 | N21: 1700
A22: Confort | B22: 2 | C22: 1800 | D22: 1600 | E22: 1500 | F22: 2200 | G22: 2600 | H22: 3100 | I22: 3400 | J22: 3700 | K22: 2900 | L22: 2100 | M22: 1700 | N22: 1200
A23: Grand froid | B23: 4 | C23: 900 | D23: 850 | E23: 800 | F23: 950 | G23: 1200 | H23: 1500 | I23: 1700 | J23: 1900 | K23: 1600 | L23: 1300 | M23: 1100 | N23: 950
A24: Demande prévue (en UE) | C24: =SUMPRODUCT($B21:$B23,C21:C23) -> 9800 | D24: =SUMPRODUCT($B21:$B23,D21:D23) -> 9000 | E24: =SUMPRODUCT($B21:$B23,E21:E23) -> 8300 | F24: =SUMPRODUCT($B21:$B23,F21:F23) -> 11000 | G24: =SUMPRODUCT($B21:$B23,G21:G23) -> 13300 | H24: =SUMPRODUCT($B21:$B23,H21:H23) -> 15800 | I24: =SUMPRODUCT($B21:$B23,I21:I23) -> 17500 | J24: =SUMPRODUCT($B21:$B23,J21:J23) -> 19500 | ... N24: =SUMPRODUCT($B21:$B23,N21:N23) -> 7900

Sheet Question 1
A1: a) Quelle sera la production mensuelle pour l'année 2027, si l'entreprise adopte une stratégie de nivellement?
A2: Présentez vos calculs.
A5: Demande totale | C5: =SUM('Données du problème'!C24:N24) -> 149100
A6: Stock début | C6: ='Données du problème'!C16 -> 1250
A7: Stock fin | C7: ='Données du problème'!C17 -> 1550
A8: Production totale | C8: =C5-C6+C7 -> 149400
A9: Production mensuelle | C9: =C8/12 -> 12450
A11: Il faudre donc produire 12 450 unités équivalentes par mois.
A13: b) Si la stratégie de nivellement était choisie, est-ce que l’ensemble des contraintes du problème seraient respectées?
A14: Si certaines d’entre elles ne sont pas respectées, mentionner lesquelles.
A16: Demande (en UE) | C16: 9800 | D16: 9000 | E16: 8300 | F16: 11000 | G16: 13300 | H16: 15800 | I16: 17500 | J16: 19500 | K16: 15300 | L16: 11900 | M16: 9800 | N16: 7900
A17: Production (en UE) | C17: =$C9 -> 12450 | D17: =$C9 -> 12450 | E17: =$C9 -> 12450 | F17: =$C9 -> 12450 | G17: =$C9 -> 12450 | H17: =$C9 -> 12450 | I17: =$C9 -> 12450 | J17: =$C9 -> 12450 | ... N17: =$C9 -> 12450
A18: Stock (en UE) | B18: ='Données du problème'!C16 -> 1250 | C18: =B18+C17-C16 -> 3900 | D18: =C18+D17-D16 -> 7350 | E18: =D18+E17-E16 -> 11500 | F18: =E18+F17-F16 -> 12950 | G18: =F18+G17-G16 -> 12100 | H18: =G18+H17-H16 -> 8750 | I18: =H18+I17-I16 -> 3700 | J18: =I18+J17-J16 -> -3350 | ... N18: =M18+N17-N16 -> 1550
A21: On remarque que le nombre d'unités en stock aux mois 4 et 5 dépasse la capacité de stockage de 12 000 unités équivalentes.
A22: De plus, les pénuries sont supérieures à 5 000 pour les mois 9 et 10.
A24: Le nombre d'employés nécessaire sera de 62,25.
A25: La variation de main d'œuvre en début d'année sera de 24 % (12 / 50), ce qui est inférieur à 25%.
A26: Il n'y aura pas de temps mort et très peu de temps supplémentaire (0,25 / 62 = 0,4 %)

Sheet Question 2
A1: Plan global de production synchrone
A2: Plusieurs solutions possibles | B2: L'important est que votre solution respecte l'ensemble des contraintes.
C3: Période
B4: Initial | C4: 1 | D4: 2 | E4: 3 | F4: 4 | G4: 5 | H4: 6 | I4: 7 | J4: 8 | K4: 9 | L4: 10 | M4: 11 | N4: 12
A5: Demande (en UE) | C5: ='Données du problème'!C24 -> 9800 | D5: ='Données du problème'!D24 -> 9000 | E5: ='Données du problème'!E24 -> 8300 | F5: ='Données du problème'!F24 -> 11000 | G5: ='Données du problème'!G24 -> 13300 | H5: ='Données du problème'!H24 -> 15800 | I5: ='Données du problème'!I24 -> 17500 | J5: ='Données du problème'!J24 -> 19500 | ... N5: ='Données du problème'!N24 -> 7900
A6: Production (en UE) | C6: =C5-B7 -> 8550 | D6: =D5 -> 9000 | E6: =E5 -> 8300 | F6: =F5 -> 11000 | G6: =G5 -> 13300 | H6: =H5 -> 15800 | I6: =I5 -> 17500 | J6: =J5 -> 19500 | K6: =K5 -> 15300 | ... M6: =M5 -> 9800 | N6: =N5+'Données du problème'!C17 -> 9450
A7: Stock (en UE) | B7: ='Données du problème'!C16 -> 1250 | C7: =B7+C6-C5 -> 0 | D7: =C7+D6-D5 -> 0 | E7: =D7+E6-E5 -> 0 | F7: =E7+F6-F5 -> 0 | G7: =F7+G6-G5 -> 0 | H7: =G7+H6-H5 -> 0 | I7: =H7+I6-I5 -> 0 | J7: =I7+J6-J5 -> 0 | ... N7: =M7+N6-N5 -> 1550
A8: Nombre d'employés | B8: ='Données du problème'!C15 -> 50 | C8: 50 | D8: 50 | E8: 50 | F8: 60 | G8: 60 | H8: 75 | I8: 75 | J8: 90 | K8: 90 | L8: 70 | M8: 70 | N8: 55
A9: Embauches (en nombre d'employés) | C9: =IF(C8>B8,C8-B8,0) -> 0 | D9: =IF(D8>C8,D8-C8,0) -> 0 | E9: =IF(E8>D8,E8-D8,0) -> 0 | F9: =IF(F8>E8,F8-E8,0) -> 10 | G9: =IF(G8>F8,G8-F8,0) -> 0 | H9: =IF(H8>G8,H8-G8,0) -> 15 | I9: =IF(I8>H8,I8-H8,0) -> 0 | J9: =IF(J8>I8,J8-I8,0) -> 15 | ... N9: =IF(N8>M8,N8-M8,0) -> 0
A10: Mises à pied (en nombre d'employés) | C10: =IF(B8>C8,B8-C8,0) -> 0 | D10: =IF(C8>D8,C8-D8,0) -> 0 | E10: =IF(D8>E8,D8-E8,0) -> 0 | F10: =IF(E8>F8,E8-F8,0) -> 0 | G10: =IF(F8>G8,F8-G8,0) -> 0 | H10: =IF(G8>H8,G8-H8,0) -> 0 | I10: =IF(H8>I8,H8-I8,0) -> 0 | J10: =IF(I8>J8,I8-J8,0) -> 0 | ... N10: =IF(M8>N8,M8-N8,0) -> 15
A11: Temps supplémentaire (en nombre d'employés) | C11: =IF(C14>C8,C14-C8,0) -> 0 | D11: =IF(D14>D8,D14-D8,0) -> 0 | E11: =IF(E14>E8,E14-E8,0) -> 0 | F11: =IF(F14>F8,F14-F8,0) -> 0 | G11: =IF(G14>G8,G14-G8,0) -> 6.5 | H11: =IF(H14>H8,H14-H8,0) -> 4 | I11: =IF(I14>I8,I14-I8,0) -> 12.5 | J11: =IF(J14>J8,J14-J8,0) -> 7.5 | ... N11: =IF(N14>N8,N14-N8,0) -> 0
A12: Temps mort (en nombres d'employés) | C12: =IF(C8>C14,C8-C14,0) -> 7.25 | D12: =IF(D8>D14,D8-D14,0) -> 5 | E12: =IF(E8>E14,E8-E14,0) -> 8.5 | F12: =IF(F8>F14,F8-F14,0) -> 5 | G12: =IF(G8>G14,G8-G14,0) -> 0 | H12: =IF(H8>H14,H8-H14,0) -> 0 | I12: =IF(I8>I14,I8-I14,0) -> 0 | J12: =IF(J8>J14,J8-J14,0) -> 0 | ... N12: =IF(N8>N14,N8-N14,0) -> 7.75
A14: Nombre d'employés nécessaires | C14: =C6/'Données du problème'!$C14 -> 42.75 | D14: =D6/'Données du problème'!$C14 -> 45 | E14: =E6/'Données du problème'!$C14 -> 41.5 | F14: =F6/'Données du problème'!$C14 -> 55 | G14: =G6/'Données du problème'!$C14 -> 66.5 | H14: =H6/'Données du problème'!$C14 -> 79 | I14: =I6/'Données du problème'!$C14 -> 87.5 | J14: =J6/'Données du problème'!$C14 -> 97.5 | ... N14: =N6/'Données du problème'!$C14 -> 47.25
A15: Variation main d'œuvre (embauche) | C15: =C9/B8 -> 0 | D15: =D9/C8 -> 0 | E15: =E9/D8 -> 0 | F15: =F9/E8 -> 0.2 | G15: =G9/F8 -> 0 | H15: =H9/G8 -> 0.25 | I15: =I9/H8 -> 0 | J15: =J9/I8 -> 0.2 | ... N15: =N9/M8 -> 0
A16: Variation main d'œuvre (mise à pied) | C16: =C10/B8 -> 0 | D16: =D10/C8 -> 0 | E16: =E10/D8 -> 0 | F16: =F10/E8 -> 0 | G16: =G10/F8 -> 0 | H16: =H10/G8 -> 0 | I16: =I10/H8 -> 0 | J16: =J10/I8 -> 0 | ... N16: =N10/M8 -> 0.21428571
A17: Utilisation temps supplémentaire | C17: =C11/C8 -> 0 | D17: =D11/D8 -> 0 | E17: =E11/E8 -> 0 | F17: =F11/F8 -> 0 | G17: =G11/G8 -> 0.10833333 | H17: =H11/H8 -> 0.053333333 | I17: =I11/I8 -> 0.16666667 | J17: =J11/J8 -> 0.083333333 | ... N17: =N11/N8 -> 0
A18: Utilisation temps mort | C18: =C12/C8 -> 0.145 | D18: =D12/D8 -> 0.1 | E18: =E12/E8 -> 0.17 | F18: =F12/F8 -> 0.083333333 | G18: =G12/G8 -> 0 | H18: =H12/H8 -> 0 | I18: =I12/I8 -> 0 | J18: =J12/J8 -> 0 | ... N18: =N12/N8 -> 0.14090909
A20: Tableau des coûts associés
C21: Période
C22: 1 | D22: 2 | E22: 3 | F22: 4 | G22: 5 | H22: 6 | I22: 7 | J22: 8 | K22: 9 | L22: 10 | M22: 11 | N22: 12 | O22: Total
A23: Stockage | C23: =C7*'Données du problème'!$C$6 -> 0 | D23: =D7*'Données du problème'!$C$6 -> 0 | E23: =E7*'Données du problème'!$C$6 -> 0 | F23: =F7*'Données du problème'!$C$6 -> 0 | G23: =G7*'Données du problème'!$C$6 -> 0 | H23: =H7*'Données du problème'!$C$6 -> 0 | I23: =I7*'Données du problème'!$C$6 -> 0 | J23: =J7*'Données du problème'!$C$6 -> 0 | ... N23: =N7*'Données du problème'!$C$6 -> 40300 | O23: =SUM(C23:N23) -> 40300
A24: Pénurie | C24: 0 | D24: 0 | E24: 0 | F24: 0 | G24: 0 | H24: 0 | I24: 0 | J24: 0 | K24: 0 | L24: 0 | M24: 0 | N24: 0 | O24: =SUM(C24:N24) -> 0
A25: Embauche | C25: =C9*'Données du problème'!$C$8 -> 0 | D25: =D9*'Données du problème'!$C$8 -> 0 | E25: =E9*'Données du problème'!$C$8 -> 0 | F25: =F9*'Données du problème'!$C$8 -> 31000 | G25: =G9*'Données du problème'!$C$8 -> 0 | H25: =H9*'Données du problème'!$C$8 -> 46500 | I25: =I9*'Données du problème'!$C$8 -> 0 | J25: =J9*'Données du problème'!$C$8 -> 46500 | ... N25: =N9*'Données du problème'!$C$8 -> 0 | O25: =SUM(C25:N25) -> 124000
A26: Mise à pied | C26: =C10*'Données du problème'!$C$9 -> 0 | D26: =D10*'Données du problème'!$C$9 -> 0 | E26: =E10*'Données du problème'!$C$9 -> 0 | F26: =F10*'Données du problème'!$C$9 -> 0 | G26: =G10*'Données du problème'!$C$9 -> 0 | H26: =H10*'Données du problème'!$C$9 -> 0 | I26: =I10*'Données du problème'!$C$9 -> 0 | J26: =J10*'Données du problème'!$C$9 -> 0 | ... N26: =N10*'Données du problème'!$C$9 -> 34500 | O26: =SUM(C26:N26) -> 80500
A27: Salaire - heures régulières | C27: =C8*'Données du problème'!$C$4 -> 197500 | D27: =D8*'Données du problème'!$C$4 -> 197500 | E27: =E8*'Données du problème'!$C$4 -> 197500 | F27: =F8*'Données du problème'!$C$4 -> 237000 | G27: =G8*'Données du problème'!$C$4 -> 237000 | H27: =H8*'Données du problème'!$C$4 -> 296250 | I27: =I8*'Données du problème'!$C$4 -> 296250 | J27: =J8*'Données du problème'!$C$4 -> 355500 | ... N27: =N8*'Données du problème'!$C$4 -> 217250 | O27: =SUM(C27:N27) -> 3140250
A28: Salaire - heures supplémentaires | C28: =C11*'Données du problème'!$C$5 -> 0 | D28: =D11*'Données du problème'!$C$5 -> 0 | E28: =E11*'Données du problème'!$C$5 -> 0 | F28: =F11*'Données du problème'!$C$5 -> 0 | G28: =G11*'Données du problème'!$C$5 -> 38512.5 | H28: =H11*'Données du problème'!$C$5 -> 23700 | I28: =I11*'Données du problème'!$C$5 -> 74062.5 | J28: =J11*'Données du problème'!$C$5 -> 44437.5 | ... N28: =N11*'Données du problème'!$C$5 -> 0 | O28: =SUM(C28:N28) -> 180712.5
A29: Total | C29: =SUM(C23:C28) -> 197500 | D29: =SUM(D23:D28) -> 197500 | E29: =SUM(E23:E28) -> 197500 | F29: =SUM(F23:F28) -> 268000 | G29: =SUM(G23:G28) -> 275512.5 | H29: =SUM(H23:H28) -> 366450 | I29: =SUM(I23:I28) -> 370312.5 | J29: =SUM(J23:J28) -> 446437.5 | ... O29: =SUM(O23:O28) -> 3565762.5

Sheet Question 3
A1: Le comité se demande s’il pourrait être souhaitable de hausser le plafond du nombre d’employés afin de diminuer l’utilisation du temps supplémentaire.
A2: À l’aide d’un calcul approprié, déterminez pour combien de mois il est économiquement préférable de payer du temps supplémentaire aux employés actuels
A3: plutôt que d’embaucher des employés et de les mettre à pied par la suite.
A5: Option 1 : Embauche suivie d'une mise à pied d'un employé
A6: Option 2 : Utilisation du temps supplémentaire pour l'équivalent d'un employé
A7: Durée | B7: 1 mois | C7: 2 mois | D7: 3 mois | F7: OU
A8: Coût d’embauche | B8: 3100 | C8: 3100 | D8: 3100 | F8: Prime de temps supplémentaire = 5 925 $ - 3 950 $ = 1 975 $ / mois
A9: Salaire | B9: 3950 | C9: =B9*2 -> 7900 | D9: =B9*3 -> 11850 | F9: 1 975 $ / mois x = 3 100 $ + 2 300 $
A10: Coût de mise à pied | B10: 2300 | C10: 2300 | D10: 2300 | F10: où x = 2,73 mois
A11: Total Option 1 | B11: =SUM(B8:B10) -> 9350 | C11: =SUM(C8:C10) -> 13300 | D11: =SUM(D8:D10) -> 17250
A12: Salaire TS | B12: =B9*1.5 -> 5925 | C12: 2 X 5 925 $ | D12: 3 X 5 925 $
A13: Total Option 2 | B13: =B12 -> 5925 | C13: =2*B12 -> 11850 | D13: =3*B12 -> 17775
A15: Si on veut augmenter la capacité pour deux mois ou moins, il sera plus économique d'utiliser le temps supplémentaire (option 2).
A16: Toutefois, si on veut augmenter la capacité pour trois mois consécutifs ou plus, il sera alors plus économique d’utiliser l'embauche suivie d'une mise à pied (option 1).
